Sanction_ID,Entity_Type,Primary_Name,AKA_Names,Date_of_Birth,Nationality,Country_of_Residence,Passport_ID,List_Source,Program,Designation_Category,Designation_Reason,Date_Added_to_List,Date_Last_Updated,Status,Remarks
HMT-499248,Individual,Abdul Hamid Al-Yemeni,Al-Yemeni Hamid Abdul | Abdul Al-Yemeni | Al-Masri,02-10-1984,Yemeni,Eritrea,NID-20006962,UN 1267,Al-Qaida,Terrorism Financing,UN SDN - Houthi financial network member,04-01-2007,16-04-2024,Active,Cross-listed on UK HMT list
FIU-817549,Individual,Rashid Mukhtar Dadaev,Dadaev Mukhtar Rashid | Rashid Dadaev | Al-Amin,24-11-1971,Somalian,China,F1635058,EU Consolidated,EU Counter-Terrorism,Terrorism Financing,EU SDN - Financing extremist operations,05-01-2005,29-09-2025,Active,
IRP-926609,Individual,Serkan Yildirim Arslan,Arslan Yildirim Serkan | Serkan Arslan | Al-Libi,05-12-1964,Venezuelan,Saudi Arabia,Z1833676,OFAC SDN,SDGT,Sanctions Evasion,OFAC SDN - Crypto-based sanctions evasion,15-09-2011,11-03-2024,Active,
EU-186995,Individual,Oleksandr Pashkov,Pashkov Oleksandr,23-03-1993,Somalian,Lebanon,DL-932131611,OFAC SDN,SDGT,Sanctions Evasion,OFAC SDN - Sanctions evasion via shell companies,12-03-2018,29-06-2023,Active,
EU-685055,Individual,Grigoriy Ivanenko,Ivanenko Grigoriy,14-11-1996,Iranian,Myanmar,P4962383,EU Consolidated,EU Counter-Terrorism,Illicit Finance - Energy Sector,EU Sectoral Sanctions - Steel & iron sector,28-07-2007,12-01-2025,Active,
HMT-643849,Individual,Vikram Singh Thapar,Thapar Singh Vikram | Vikram Thapar | Al-Iraqi,15-01-1985,Yemeni,Eritrea,DL-532115439,India ED,PMLA Prosecution,Money Laundering,ED Lookout Notice - Money laundering via shell firms,18-05-2013,16-04-2023,Active,
ED-268623,Individual,Serhiy Borysenko,Borysenko Serhiy,14-08-1970,Eritrean,Pakistan,NID-45303647,EU Consolidated,EU Counter-Terrorism,Terrorism Financing,EU Sanctions - Ukraine conflict-related asset freeze,27-11-2012,30-12-2023,Active,
OFAC-215125,Individual,Ibrahim Idris Al-Shabaab,Al-Shabaab Idris Ibrahim | Ibrahim Al-Shabaab | Abu Hassan,05-07-1966,Iranian,Libya,DL-495662575,UN 1267,Al-Qaida,Terrorism Financing,UN SDN - Al-Shabaab financial logistics,16-08-2013,08-05-2025,Active,
UN-424856,Individual,Wu Jianguo,Jianguo Wu | Abu Hassan,03-03-1978,Tajik,Iran,DL-402261011,OFAC SDN,SDGT,Terrorism Financing,BIS Entity List + OFAC SDN - Dual-use tech export,19-07-2011,06-11-2024,Active,Cross-listed on OFAC list
ED-321705,Individual,Dmitri Alexandrov Volkov,Volkov Alexandrov Dmitri | Dmitri Volkov,04-06-1987,Sudanese,Pakistan,NID-88057711,EU Consolidated,EU Counter-Terrorism,Illicit Finance - Energy Sector,EU/OFAC Sectoral Sanctions - Russian energy financing,27-03-2015,07-04-2025,Active,Cross-listed on UK HMT list
OFAC-237286,Individual,Pyotr Vladimirovich Sokolov,Sokolov Vladimirovich Pyotr | Pyotr Sokolov,21-10-1968,Eritrean,Egypt,F8489196,OFAC SDN,SDGT,Terrorism Financing,OFAC SDN - Sanctioned Russian bank official,10-02-2019,05-11-2023,Active,
OFAC-224481,Individual,Khalid Mahmoud Al-Rashidi,Al-Rashidi Mahmoud Khalid | Khalid Al-Rashidi,20-08-1987,Belarusian,Iraq,NID-17691352,OFAC SDN,SDGT,Arms Trafficking / Proliferation,OFAC SDN - Illicit arms trafficking to sanctioned regime,27-11-2006,30-12-2023,Active,
FIU-434607,Individual,Tariq Hassan Al-Baghdadi,Al-Baghdadi Hassan Tariq | Tariq Al-Baghdadi,07-08-1969,Kenyan,Turkey,NID-11189405,UN 1267,Al-Qaida,Terrorism Financing,UN SDN - Propaganda financing for listed group,23-11-2020,24-04-2024,Active,Cross-listed on EU list
UN-811274,Individual,Bashir Mahmoud Akhund,Akhund Mahmoud Bashir | Bashir Akhund,24-03-1973,North Korean,Lebanon,DL-957821673,UN 1267,Al-Qaida,Terrorism Financing,UN SDN - Taliban financial network,14-06-2009,23-01-2023,Active,Cross-listed on UN list
HMT-518487,Individual,Leonid Grigorenko,Grigorenko Leonid | Abu Omar,17-05-1956,Nigerian,Saudi Arabia,U3949592,OFAC SDN,SDGT,Terrorism Financing,OFAC SDN - Donbas region mineral extraction,21-03-2021,28-03-2025,Active,
UN-139418,Individual,Farhad Jafari Nejad,Nejad Jafari Farhad | Farhad Nejad,24-06-1975,Venezuelan,UAE,S3461251,OFAC SDN,SDGT,Terrorism Financing,OFAC SDN - IRGC procurement network,23-03-2022,27-03-2025,Active,Cross-listed on UN list
ED-854939,Individual,Alejandro Vargas Herrera,Herrera Vargas Alejandro | Alejandro Herrera | Al-Iraqi,08-12-1989,Iraqi,Russia,DL-760806544,OFAC SDN,SDGT,Narcotics Trafficking,OFAC SDN - Narcotics trafficking (Cali affiliation),10-08-2022,04-10-2024,Active,Cross-listed on UK HMT list
IRP-184019,Individual,Kim Sung-Hyun,Sung-Hyun Kim | Al-Muhajir,07-11-1960,Sudanese,Myanmar,NID-42452217,OFAC SDN,SDGT,Arms Trafficking / Proliferation,OFAC SDN - DPRK weapons proliferation network,11-05-2023,08-06-2024,Active,
IRP-436169,Individual,Nguyen Quoc Bao,Bao Quoc Nguyen | Nguyen Bao,02-02-1961,Zimbabwean,Turkey,DL-372840665,OFAC SDN,SDGT,Terrorism Financing,OFAC SDN - Transnational criminal organization,17-12-2014,18-09-2023,Active,Cross-listed on EU list
HMT-790190,Individual,Yusuf Al-Qaddafi,Al-Qaddafi Yusuf | Al-Amin,14-11-1991,Congolese,Eritrea,NID-53473441,UN 1267,Al-Qaida,Terrorism Financing,UN Sanctions List 1267 - Libyan regime asset holder,29-07-2006,01-08-2024,Active,
FIU-799171,Individual,Ahmad Farouk Al-Zarqawi,Al-Zarqawi Farouk Ahmad | Ahmad Al-Zarqawi | Al-Iraqi,28-05-1956,Somalian,Sudan,DL-652975085,UN 1267,Al-Qaida,Terrorism Financing,UN SDN - Terror financing facilitation,13-05-2007,16-02-2025,Active,Cross-listed on EU list
ED-409750,Individual,Yasser Ibrahim Al-Houthi,Al-Houthi Ibrahim Yasser | Yasser Al-Houthi,10-09-1982,Bangladeshi,Yemen,DL-922146214,OFAC SDN,SDGT,Arms Trafficking / Proliferation,UN/OFAC SDN - Houthi arms procurement,28-12-2022,18-12-2023,Active,Cross-listed on UK HMT list
ED-889211,Individual,Hassan Reza Tehrani,Tehrani Reza Hassan | Hassan Tehrani,27-12-1975,Bangladeshi,Bangladesh,DL-852894857,OFAC SDN,SDGT,Terrorism Financing,OFAC SDN - Facilitating Iranian petrochemical exports,09-03-2008,16-04-2025,Active,Cross-listed on UK HMT list
OFAC-217788,Individual,Mehmet Demir Karaoglu,Karaoglu Demir Mehmet | Mehmet Karaoglu,23-11-1971,Lebanese,China,V1289271,FATF High Risk,Enhanced Due Diligence,Trade-Based Money Laundering,FATF High-Risk Entity - Gold smuggling network,17-07-2007,03-01-2023,Active,
ED-275489,Individual,Hamza Nawaz Chaudhry,Chaudhry Nawaz Hamza | Hamza Chaudhry,14-10-1956,Lebanese,Pakistan,A6763630,UN 1267,Al-Qaida,Terrorism Financing,UNSC 1267 List - Financing banned organisation,27-01-2021,28-06-2025,Active,Cross-listed on UK HMT list
HMT-687593,Individual,Anwar Ibrahim Al-Zawahiri,Al-Zawahiri Ibrahim Anwar | Anwar Al-Zawahiri,20-11-1958,Iranian,Iran,Y5823510,OFAC SDN,SDGT,Terrorism Financing,Terrorism Financing - Designated under OFAC SDN (SDGT),18-06-2003,04-08-2023,Active,Cross-listed on OFAC list
OFAC-537018,Individual,Hassan Nasrallah Jr.,Jr. Nasrallah Hassan | Hassan Jr. | Al-Libi,18-06-1972,Lebanese,Lebanon,U5952173,OFAC SDN,SDGT,Terrorism Financing,Terrorism Financing - Designated under OFAC SDN (SDGT),31-03-2005,19-03-2025,Active,Cross-listed on EU list
UN-237010,Individual,Muhammad Qasim Al-Rimi,Al-Rimi Qasim Muhammad | Muhammad Al-Rimi | Al-Muhajir,23-12-1963,Yemeni,Yemen,M8015611,UN 1267,Al-Qaida,Terrorism Financing,Terrorism Financing - Designated under UN 1267 (Al-Qaida),05-01-2007,06-01-2025,Active,
IRP-833742,Individual,Yahya Ibrahim Sinwar,Sinwar Ibrahim Yahya | Yahya Sinwar | Al-Farsi,27-03-1967,Syrian,Syria,P8991883,UN 1267,ISIL/Da'esh,Terrorism Financing,Terrorism Financing - Designated under UN 1267 (ISIL/Da'esh),04-09-2004,24-12-2025,Active,
OFAC-445764,Individual,Ziyad Khalil Mohammed,Mohammed Khalil Ziyad | Ziyad Mohammed,11-02-1960,Iraqi,Iraq,U1066111,OFAC SDN,SDGT,Arms Trafficking / Proliferation,Arms Trafficking / Proliferation - Designated under OFAC SDN (SDGT),15-12-2014,17-07-2024,Active,
HMT-374241,Individual,Bilal Hassan Zubair,Zubair Hassan Bilal | Bilal Zubair | Al-Muhajir,19-03-1981,Pakistani,Pakistan,B7664964,UN 1267,Taliban 1988,Terrorism Financing,Terrorism Financing - Designated under UN 1267 (Taliban 1988),05-09-2010,13-11-2025,Active,Cross-listed on UK HMT list
OFAC-829323,Individual,Sirajuddin Haqqani Zadran,Zadran Haqqani Sirajuddin | Sirajuddin Zadran,26-04-1965,Afghan,Afghanistan,G2965741,UN 1267,Taliban 1988,Terrorism Financing,Terrorism Financing - Designated under UN 1267 (Taliban 1988),12-02-2009,18-07-2024,Active,Cross-listed on UN list
IRP-686154,Individual,Omar Akhund Mansour,Mansour Akhund Omar | Omar Mansour,12-12-1980,Afghan,Afghanistan,U9975013,UN 1267,Taliban 1988,Terrorism Financing,Terrorism Financing - Designated under UN 1267 (Taliban 1988),16-03-2018,21-08-2023,Active,
UN-671812,Individual,Khalil Rahman Al-Haqqani,Al-Haqqani Rahman Khalil | Khalil Al-Haqqani,25-01-1986,Pakistani,Pakistan,Q7362677,UN 1267,Taliban 1988,Arms Trafficking / Proliferation,Arms Trafficking / Proliferation - Designated under UN 1267 (Taliban 1988),14-07-2022,19-04-2024,Active,
FIU-268934,Individual,Ahmad Shah Massoud Rahimi,Rahimi Massoud Shah Ahmad | Ahmad Rahimi | Abu Bakr,11-01-1970,Afghan,Afghanistan,Z8317158,OFAC SDN,SDGT,Sanctions Evasion,Sanctions Evasion - Designated under OFAC SDN (SDGT),11-01-2007,16-08-2023,Active,
OFAC-342319,Individual,Arkady Rotenberg,Rotenberg Arkady,26-11-1967,Russian,Russia,D4948586,OFAC SDN,RUSSIA-EO14024,Illicit Finance - Energy Sector,Illicit Finance - Energy Sector - Designated under OFAC SDN (RUSSIA-EO14024),10-06-2019,14-06-2023,Active,Cross-listed on UN list
IRP-565491,Individual,Gennady Timchenko,Timchenko Gennady,11-05-1968,Russian,Russia,S1765051,OFAC SDN,RUSSIA-EO14024,Illicit Finance - Energy Sector,Illicit Finance - Energy Sector - Designated under OFAC SDN (RUSSIA-EO14024),16-06-2003,07-09-2024,Active,Cross-listed on OFAC list
EU-949014,Individual,Igor Sechin Vladimirovich,Vladimirovich Sechin Igor | Igor Vladimirovich | Al-Amin,10-05-1956,Russian,Russia,D9261828,OFAC SDN,RUSSIA-EO14024,Illicit Finance - Energy Sector,Illicit Finance - Energy Sector - Designated under OFAC SDN (RUSSIA-EO14024),15-08-2004,24-03-2023,Active,
IRP-450784,Individual,Nikolai Patrushev Jr.,Jr. Patrushev Nikolai | Nikolai Jr.,26-06-1949,Russian,Russia,B7319231,EU Consolidated,EU Russia Sanctions,Corruption / Kleptocracy,Corruption / Kleptocracy - Designated under EU Consolidated (EU Russia Sanctions),08-09-2016,09-04-2024,Active,
OFAC-900798,Individual,Mikhail Fridman Maratovich,Maratovich Fridman Mikhail | Mikhail Maratovich | Abu Hassan,13-12-1973,Russian,Russia,N9594502,UK HMT,UK Russia,Illicit Finance - Energy Sector,Illicit Finance - Energy Sector - Designated under UK HMT (UK Russia),17-05-2020,11-04-2024,Active,
UN-353509,Individual,Yevgeny Prigozhin Wagner,Wagner Prigozhin Yevgeny | Yevgeny Wagner,06-05-1950,Russian,Russia,S2576328,OFAC SDN,RUSSIA-EO14024,Terrorism Financing,Terrorism Financing - Designated under OFAC SDN (RUSSIA-EO14024),08-09-2015,28-02-2023,Active,Cross-listed on UN list
ED-415067,Individual,Roman Abramovich Vladimirovich,Vladimirovich Abramovich Roman | Roman Vladimirovich,06-05-1988,Russian,Russia,S8224753,EU Consolidated,EU Russia Sanctions,Corruption / Kleptocracy,Corruption / Kleptocracy - Designated under EU Consolidated (EU Russia Sanctions),02-12-2023,14-03-2023,Active,
HMT-177617,Individual,Alisher Usmanov Burhanovich,Burhanovich Usmanov Alisher | Alisher Burhanovich | Al-Libi,08-10-1981,Russian,Russia,K8292485,EU Consolidated,EU Russia Sanctions,Corruption / Kleptocracy,Corruption / Kleptocracy - Designated under EU Consolidated (EU Russia Sanctions),26-07-2023,06-07-2023,Active,Cross-listed on UK HMT list
UN-850223,Individual,Viktor Vekselberg Felixovich,Felixovich Vekselberg Viktor | Viktor Felixovich | Al-Muhajir,20-07-1985,Russian,Russia,G3912159,OFAC SDN,RUSSIA-EO14024,Illicit Finance - Energy Sector,Illicit Finance - Energy Sector - Designated under OFAC SDN (RUSSIA-EO14024),22-07-2019,23-05-2024,Active,Cross-listed on OFAC list
UN-352187,Individual,Andrei Kostin Leonidovich,Leonidovich Kostin Andrei | Andrei Leonidovich | Abu Omar,22-04-1958,Russian,Russia,W8063161,OFAC SDN,RUSSIA-EO14024,Illicit Finance - Energy Sector,Illicit Finance - Energy Sector - Designated under OFAC SDN (RUSSIA-EO14024),05-08-2015,29-05-2023,Active,
EU-619775,Individual,Qassem Soleimani Hajj,Hajj Soleimani Qassem | Qassem Hajj | Abu Khalid,26-02-1979,Iranian,Iran,U1496608,OFAC SDN,IRGC,Terrorism Financing,Terrorism Financing - Designated under OFAC SDN (IRGC),24-05-2004,07-10-2024,Active,
UN-381255,Individual,Mohammad Reza Naqdi,Naqdi Reza Mohammad | Mohammad Naqdi | Abu Omar,01-05-1949,Iranian,Iran,S9897200,OFAC SDN,IRGC,Terrorism Financing,Terrorism Financing - Designated under OFAC SDN (IRGC),11-04-2019,16-01-2025,Active,Cross-listed on EU list
FIU-373026,Individual,Hussein Salami General,General Salami Hussein | Hussein General,02-08-1979,Iranian,Iran,A6955061,OFAC SDN,IRGC,WMD Proliferation,WMD Proliferation - Designated under OFAC SDN (IRGC),22-08-2016,10-06-2023,Active,Cross-listed on EU list
EU-493495,Individual,Saeed Mohammed Jalili,Jalili Mohammed Saeed | Saeed Jalili | Al-Amin,05-09-1976,Iranian,Iran,Y2242539,OFAC SDN,IRAN,Sanctions Evasion,Sanctions Evasion - Designated under OFAC SDN (IRAN),12-12-2006,09-03-2024,Active,Cross-listed on OFAC list
ED-100778,Individual,Brig-Gen Esmail Qaani,Qaani Esmail Brig-Gen | Brig-Gen Qaani,22-02-1964,Iranian,Iran,N2358362,OFAC SDN,IRGC,Terrorism Financing,Terrorism Financing - Designated under OFAC SDN (IRGC),22-04-2019,27-01-2025,Active,
HMT-904964,Individual,Ali Shamkhani Admiral,Admiral Shamkhani Ali | Ali Admiral | Abu Khalid,09-11-1956,Iranian,Iran,K6785997,OFAC SDN,IRAN,WMD Proliferation,WMD Proliferation - Designated under OFAC SDN (IRAN),16-02-2009,23-12-2025,Active,Cross-listed on EU list
FIU-207446,Individual,Choe Son Hui Minister,Minister Hui Son Choe | Choe Minister,20-05-1974,North Korean,North Korea,T5078610,OFAC SDN,DPRK,WMD Proliferation,WMD Proliferation - Designated under OFAC SDN (DPRK),01-12-2017,29-06-2025,Active,
EU-181407,Individual,Pak Jong Chon General,General Chon Jong Pak | Pak General,24-02-1967,North Korean,North Korea,A5736182,UN 1267,Al-Qaida,WMD Proliferation,WMD Proliferation - Designated under UN 1267 (Al-Qaida),26-03-2023,23-06-2025,Active,
EU-634410,Individual,Kim Jong Sik Scientist,Scientist Sik Jong Kim | Kim Scientist | Al-Muhajir,23-10-1976,North Korean,North Korea,R2775714,OFAC SDN,DPRK,WMD Proliferation,WMD Proliferation - Designated under OFAC SDN (DPRK),20-05-2020,02-03-2024,Active,
HMT-454932,Individual,Ri Yong Ho Minister,Minister Ho Yong Ri | Ri Minister,23-02-1953,North Korean,North Korea,A1797829,OFAC SDN,DPRK,Sanctions Evasion,Sanctions Evasion - Designated under OFAC SDN (DPRK),23-03-2017,23-09-2023,Active,Cross-listed on OFAC list
OFAC-227258,Individual,Jang Song Thaek,Thaek Song Jang | Jang Thaek | Al-Libi,07-04-1971,North Korean,North Korea,V2793822,OFAC SDN,DPRK,Cybercrime,Cybercrime - Designated under OFAC SDN (DPRK),16-08-2021,10-08-2024,Active,
ED-400774,Individual,Ismael Zambada Garcia,Garcia Zambada Ismael | Ismael Garcia | Al-Masri,14-12-1980,Mexican,Mexico,D6196977,OFAC SDN,NARCOTICS,Narcotics Trafficking,Narcotics Trafficking - Designated under OFAC SDN (NARCOTICS),11-11-2019,07-05-2025,Active,Cross-listed on EU list
EU-990108,Individual,Nemesio Oseguera Cervantes,Cervantes Oseguera Nemesio | Nemesio Cervantes | Abu Hassan,24-05-1981,Mexican,Mexico,D1589321,OFAC SDN,TCO,Narcotics Trafficking,Narcotics Trafficking - Designated under OFAC SDN (TCO),31-07-2021,24-05-2023,Active,Cross-listed on EU list
FIU-607876,Individual,Juan Antonio Arzate Garcia,Garcia Arzate Antonio Juan | Juan Garcia,10-09-1978,Mexican,Mexico,O5232601,OFAC SDN,TCO,Narcotics Trafficking,Narcotics Trafficking - Designated under OFAC SDN (TCO),25-03-2017,13-01-2024,Active,Cross-listed on EU list
FIU-235005,Individual,Juan Orlando Hernandez Alvarado,Alvarado Hernandez Orlando Juan | Juan Alvarado,20-04-1959,Honduran,Honduras,L9657814,OFAC SDN,NARCOTICS,Narcotics Trafficking,Narcotics Trafficking - Designated under OFAC SDN (NARCOTICS),19-06-2015,09-06-2025,Active,
EU-860131,Individual,Dairo Antonio Usuga David,David Usuga Antonio Dairo | Dairo David | Abu Khalid,26-10-1966,Colombian,Colombia,C1176896,OFAC SDN,TCO,Narcotics Trafficking,Narcotics Trafficking - Designated under OFAC SDN (TCO),19-07-2012,26-07-2025,Active,Cross-listed on OFAC list
IRP-353439,Individual,Otoniel Vargas alias,alias Vargas Otoniel | Otoniel alias | Al-Masri,04-04-1972,Colombian,Colombia,E5325415,Interpol RN,Red Notice,Organised Crime / Mafia,Organised Crime / Mafia - Designated under Interpol RN (Red Notice),20-11-2006,25-01-2024,Active,Cross-listed on UN list
EU-524167,Individual,Semion Mogilevich,Mogilevich Semion | Al-Libi,02-09-1970,Ukrainian,Ukraine,O5196129,Interpol RN,Red Notice,Organised Crime / Mafia,Organised Crime / Mafia - Designated under Interpol RN (Red Notice),29-10-2016,16-12-2024,Active,Cross-listed on EU list
ED-680190,Individual,Mukhtar Hamid Shah,Shah Hamid Mukhtar | Mukhtar Shah,28-04-1948,Pakistani,Pakistan,G9776536,OFAC SDN,SDGT,Terrorism Financing,Terrorism Financing - Designated under OFAC SDN (SDGT),10-02-2019,02-09-2025,Active,
FIU-285224,Individual,Ali Hassan Al-Turki,Al-Turki Hassan Ali | Ali Al-Turki | Abu Khalid,10-09-1958,Sudanese,Sudan,A1275404,UN 1267,Al-Qaida,Terrorism Financing,Terrorism Financing - Designated under UN 1267 (Al-Qaida),19-09-2010,09-11-2023,Active,Cross-listed on EU list
ED-685174,Individual,Mokhtar Belmokhtar alias,alias Belmokhtar Mokhtar | Mokhtar alias,06-06-1973,Algerian,Algeria,R6518103,UN 1267,Al-Qaida,Terrorism Financing,Terrorism Financing - Designated under UN 1267 (Al-Qaida),13-06-2018,25-07-2023,Active,Cross-listed on EU list
HMT-308313,Individual,Ahmad Umar Abu Ubaidah,Ubaidah Abu Umar Ahmad | Ahmad Ubaidah | Abu Hassan,02-03-1951,Somalian,Somalia,F2551441,OFAC SDN,SDGT,Terrorism Financing,Terrorism Financing - Designated under OFAC SDN (SDGT),13-08-2012,16-02-2025,Active,Cross-listed on UN list
IRP-468826,Individual,Dawood Ibrahim Kaskar,Kaskar Ibrahim Dawood | Dawood Kaskar,09-02-1983,Indian,India,V2654299,India UAPA,UAPA Designated Individual,Terrorism Financing,Terrorism Financing - Designated under India UAPA (UAPA Designated Individual),04-10-2011,03-10-2024,Active,
FIU-796378,Individual,Hafiz Muhammad Saeed,Saeed Muhammad Hafiz | Hafiz Saeed | Abu Khalid,14-05-1973,Pakistani,Pakistan,E3263027,UN 1267,Al-Qaida,Terrorism Financing,Terrorism Financing - Designated under UN 1267 (Al-Qaida),14-11-2021,23-09-2023,Active,
FIU-374997,Individual,Masood Azhar Alvi,Alvi Azhar Masood | Masood Alvi | Abu Omar,14-04-1982,Pakistani,Pakistan,Q3153148,UN 1267,Al-Qaida,Terrorism Financing,Terrorism Financing - Designated under UN 1267 (Al-Qaida),27-09-2012,25-02-2025,Active,Cross-listed on UK HMT list
UN-601348,Individual,Tiger Memon alias,alias Memon Tiger | Tiger alias,16-02-1950,Indian,India,J5054558,India UAPA,UAPA Designated Individual,Terrorism Financing,Terrorism Financing - Designated under India UAPA (UAPA Designated Individual),07-11-2003,17-09-2023,Active,
EU-688798,Individual,Chhota Shakeel Mohammad,Mohammad Shakeel Chhota | Chhota Mohammad,12-11-1983,Indian,India,Y9985918,India ED,PMLA Prosecution,Organised Crime / Mafia,Organised Crime / Mafia - Designated under India ED (PMLA Prosecution),04-05-2003,18-03-2024,Active,
HMT-312370,Individual,Iqbal Mirchi Memon,Memon Mirchi Iqbal | Iqbal Memon,25-09-1950,Indian,India,O9331840,India ED,PMLA Prosecution,Money Laundering,Money Laundering - Designated under India ED (PMLA Prosecution),26-01-2003,19-03-2024,Active,
UN-771422,Individual,Vicky Goswami alias,alias Goswami Vicky | Vicky alias,05-03-1964,Indian,India,Z8677952,India FIU,STR Alert,Narcotics Trafficking,Narcotics Trafficking - Designated under India FIU (STR Alert),27-08-2016,12-02-2023,Active,
OFAC-416237,Individual,Evgeniy Bogachev Mikhailovich,Mikhailovich Bogachev Evgeniy | Evgeniy Mikhailovich,02-11-1988,Russian,Russia,V5180321,OFAC SDN,CYBER,Cybercrime,Cybercrime - Designated under OFAC SDN (CYBER),11-01-2022,30-01-2025,Active,
UN-398041,Individual,Maksim Yakubets Viktor,Viktor Yakubets Maksim | Maksim Viktor,23-06-1955,Russian,Russia,E1535313,OFAC SDN,CYBER,Cybercrime,Cybercrime - Designated under OFAC SDN (CYBER),02-12-2015,02-02-2025,Active,Cross-listed on UK HMT list
ED-376763,Individual,Park Jin Hyok,Hyok Jin Park | Park Hyok,09-09-1980,North Korean,North Korea,P2331598,OFAC SDN,DPRK,Cybercrime,Cybercrime - Designated under OFAC SDN (DPRK),01-04-2012,17-06-2024,Active,Cross-listed on OFAC list
FIU-280259,Individual,Kim Il Lazarus,Lazarus Il Kim | Kim Lazarus | Al-Iraqi,09-12-1990,North Korean,North Korea,H3900704,OFAC SDN,DPRK,Cybercrime,Cybercrime - Designated under OFAC SDN (DPRK),21-12-2018,06-02-2023,Active,Cross-listed on EU list
HMT-475886,Individual,Abdul Qadeer Khan Network,Network Khan Qadeer Abdul | Abdul Network,09-03-1966,Pakistani,Pakistan,L3783618,OFAC SDN,IRAN,WMD Proliferation,WMD Proliferation - Designated under OFAC SDN (IRAN),08-04-2015,07-08-2025,Active,
HMT-760434,Individual,B.S.A. Tahir,Tahir B.S.A.,21-12-1971,Sri Lankan,Sri Lanka,F6498498,OFAC SDN,IRAN,WMD Proliferation,WMD Proliferation - Designated under OFAC SDN (IRAN),29-06-2018,09-04-2023,Active,
FIU-260797,Individual,Friedrich Tinner,Tinner Friedrich | Al-Iraqi,17-04-1962,Swiss,Switzerland,D7656660,OFAC SDN,IRAN,WMD Proliferation,WMD Proliferation - Designated under OFAC SDN (IRAN),01-07-2012,25-12-2025,Active,
OFAC-334714,Individual,Teodoro Nguema Obiang,Obiang Nguema Teodoro | Teodoro Obiang | Al-Libi,26-04-1951,Equatorial Guinean,Equatorial Guinea,M3629050,OFAC SDN,NARCOTICS,Corruption / Kleptocracy,Corruption / Kleptocracy - Designated under OFAC SDN (NARCOTICS),21-02-2012,16-04-2024,Active,Cross-listed on OFAC list
OFAC-761151,Individual,Rakhat Aliyev,Aliyev Rakhat,07-07-1961,Kazakhstani,Kazakhstan,X5392595,Interpol RN,Red Notice,Corruption / Kleptocracy,Corruption / Kleptocracy - Designated under Interpol RN (Red Notice),05-05-2014,15-01-2023,Active,
ED-549479,Individual,Gulnara Karimova,Karimova Gulnara,14-11-1953,Uzbek,Uzbekistan,K5647469,OFAC SDN,SDGT,Corruption / Kleptocracy,Corruption / Kleptocracy - Designated under OFAC SDN (SDGT),21-12-2016,21-10-2023,Active,Cross-listed on UN list
HMT-565553,Individual,Reza Zarrab,Zarrab Reza,15-03-1962,Turkish,Turkey,V9702053,OFAC SDN,IRAN,Sanctions Evasion,Sanctions Evasion - Designated under OFAC SDN (IRAN),12-05-2016,06-09-2024,Active,
IRP-202892,Individual,Najib Razak,Razak Najib | Abu Omar,22-01-1961,Malaysian,Malaysia,O4233972,Interpol RN,Red Notice,Corruption / Kleptocracy,Corruption / Kleptocracy - Designated under Interpol RN (Red Notice),26-12-2013,24-01-2023,Active,
ED-304813,Individual,Jho Low alias,alias Low Jho | Jho alias | Al-Iraqi,18-02-1983,Malaysian,Malaysia,N1005538,OFAC SDN,SDGT,Money Laundering,Money Laundering - Designated under OFAC SDN (SDGT),15-03-2016,22-01-2024,Active,
EU-121207,Individual,Ali Sadr Hashemi Nejad,Nejad Hashemi Sadr Ali | Ali Nejad | Abu Khalid,02-12-1969,Iranian,Iran,B4367385,OFAC SDN,IRAN,Trade-Based Money Laundering,Trade-Based Money Laundering - Designated under OFAC SDN (IRAN),05-12-2007,28-02-2024,Active,Cross-listed on EU list
HMT-469571,Individual,Alaa Eddin Al-Jabri,Al-Jabri Eddin Alaa | Alaa Al-Jabri | Abu Khalid,11-06-1968,Saudi Arabian,Saudi Arabia,H5903503,Interpol RN,Red Notice,Corruption / Kleptocracy,Corruption / Kleptocracy - Designated under Interpol RN (Red Notice),18-02-2013,03-08-2023,Active,
UN-937208,Individual,Kassim Tajideen,Tajideen Kassim | Al-Muhajir,25-05-1966,Lebanese,Lebanon,L6706714,OFAC SDN,SDGT,Terrorism Financing,Terrorism Financing - Designated under OFAC SDN (SDGT),04-03-2018,22-08-2025,Active,
HMT-779824,Individual,Ibrahim Daoud Al-Assad,Al-Assad Daoud Ibrahim | Ibrahim Al-Assad | Abu Khalid,16-01-1960,Syrian,Syria,A5278020,EU Consolidated,EU Syria Sanctions,Sanctions Evasion,Sanctions Evasion - Designated under EU Consolidated (EU Syria Sanctions),08-01-2005,10-11-2024,Active,
ED-491211,Individual,Wang Jian Feng,Feng Jian Wang | Wang Feng,12-03-1991,Chinese,China,L7130119,OFAC SDN,DPRK,Sanctions Evasion,Sanctions Evasion - Designated under OFAC SDN (DPRK),13-02-2018,06-07-2024,Active,
EU-509061,Individual,Li Fangwei alias Karl Lee,Lee Karl alias Fangwei Li | Li Lee | Al-Farsi,27-10-1981,Chinese,China,H6179392,OFAC SDN,IRAN,WMD Proliferation,WMD Proliferation - Designated under OFAC SDN (IRAN),29-01-2015,11-06-2023,Active,Cross-listed on OFAC list
ED-312022,Individual,Rostam Aziz,Aziz Rostam,13-06-1984,Tanzanian,Tanzania,K4705567,DFAT Australia,AML/CTF Designation,Corruption / Kleptocracy,Corruption / Kleptocracy - Designated under DFAT Australia (AML/CTF Designation),16-03-2004,29-09-2023,Active,
HMT-276038,Individual,Karim Masimov,Masimov Karim,28-01-1950,Kazakhstani,Kazakhstan,K6274439,Interpol RN,Red Notice,Corruption / Kleptocracy,Corruption / Kleptocracy - Designated under Interpol RN (Red Notice),09-01-2009,16-10-2025,Active,Cross-listed on OFAC list
ED-164800,Individual,Sajid Mir,Mir Sajid,10-01-1982,Pakistani,Pakistan,L8873712,OFAC SDN,SDGT,Terrorism Financing,Terrorism Financing - Designated under OFAC SDN (SDGT),26-01-2006,12-08-2024,Active,
UN-430322,Individual,Saleh Al-Arouri,Al-Arouri Saleh,08-01-1976,Palestinian,Palestine,I8240971,OFAC SDN,SDGT,Terrorism Financing,Terrorism Financing - Designated under OFAC SDN (SDGT),01-06-2016,21-06-2023,Active,Cross-listed on UN list
EU-613408,Individual,Izz al-Din al-Qassam,al-Qassam al-Din Izz | Izz al-Qassam,05-06-1967,Syrian,Syria,T4903782,UN 1267,Al-Qaida,Terrorism Financing,Terrorism Financing - Designated under UN 1267 (Al-Qaida),08-08-2012,09-11-2025,Active,
IRP-306139,Individual,Zaher Jabarin,Jabarin Zaher,25-04-1963,Jordanian,Jordan,J9700344,OFAC SDN,SDGT,Terrorism Financing,Terrorism Financing - Designated under OFAC SDN (SDGT),27-11-2007,27-11-2024,Active,
UN-205327,Individual,Osama Khayyam,Khayyam Osama | Al-Masri,23-12-1956,Syrian,Syria,B3931616,OFAC SDN,SDGT,Terrorism Financing,Terrorism Financing - Designated under OFAC SDN (SDGT),06-02-2009,14-06-2025,Active,Cross-listed on UN list
OFAC-229324,Individual,Hasan Alizadeh,Alizadeh Hasan,03-02-1987,Iranian,Iran,A5515602,OFAC SDN,IRAN,Sanctions Evasion,Sanctions Evasion - Designated under OFAC SDN (IRAN),09-05-2021,30-01-2025,Active,Cross-listed on UK HMT list
FIU-149185,Individual,Ayman Mohammed Rabie Al-Z,Al-Z Rabie Mohammed Ayman | Ayman Al-Z | Al-Muhajir,16-03-1964,Egyptian,Egypt,G9599624,UN 1267,Al-Qaida,Terrorism Financing,Terrorism Financing - Designated under UN 1267 (Al-Qaida),17-09-2023,06-06-2023,Active,
EU-727850,Individual,Abdullah Ahmed Al-Faisal,Al-Faisal Ahmed Abdullah | Abdullah Al-Faisal,07-11-1989,Saudi Arabian,Saudi Arabia,V4364183,OFAC SDN,SDGT,Terrorism Financing,Terrorism Financing - Designated under OFAC SDN (SDGT),15-05-2015,09-10-2024,Active,Cross-listed on UK HMT list
OFAC-383028,Individual,Ramzan Akhmadovich Kadyrov,Kadyrov Akhmadovich Ramzan | Ramzan Kadyrov,24-07-1956,Russian,Russia,G3077016,OFAC SDN,RUSSIA-EO14024,Human Rights Violation,Human Rights Violation - Designated under OFAC SDN (RUSSIA-EO14024),11-10-2013,02-09-2023,Active,Cross-listed on UN list
UN-756653,Individual,Sergei Lavrov Viktorovich,Viktorovich Lavrov Sergei | Sergei Viktorovich,19-02-1964,Russian,Russia,I2347833,EU Consolidated,EU Russia Sanctions,Illicit Finance - Energy Sector,Illicit Finance - Energy Sector - Designated under EU Consolidated (EU Russia Sanctions),08-09-2007,25-11-2025,Active,
ED-747003,Individual,Rustam Madumarov,Madumarov Rustam,20-11-1963,Uzbek,Uzbekistan,O5544640,Interpol RN,Red Notice,Organised Crime / Mafia,Organised Crime / Mafia - Designated under Interpol RN (Red Notice),10-09-2008,28-11-2025,Active,
ED-587245,Individual,Khamzat Chimaev alias,alias Chimaev Khamzat | Khamzat alias,25-06-1957,Swedish,Sweden,P5112276,EU Consolidated,EU Counter-Terrorism,Terrorism Financing,Terrorism Financing - Designated under EU Consolidated (EU Counter-Terrorism),19-08-2016,11-08-2023,Active,Cross-listed on OFAC list
UN-731535,Individual,Fuad Shukr,Shukr Fuad | Al-Libi,05-09-1976,Lebanese,Lebanon,Q8032860,OFAC SDN,SDGT,Terrorism Financing,Terrorism Financing - Designated under OFAC SDN (SDGT),12-07-2009,03-02-2023,Active,
FIU-154789,Individual,Muhammad Sinwar,Sinwar Muhammad,07-10-1987,Palestinian,Palestine,Y9541650,OFAC SDN,SDGT,Terrorism Financing,Terrorism Financing - Designated under OFAC SDN (SDGT),07-02-2011,29-09-2023,Active,
HMT-465949,Individual,Ismail Haniyeh Jr.,Jr. Haniyeh Ismail | Ismail Jr. | Al-Amin,06-08-1955,Qatari,Qatar,K7250666,OFAC SDN,SDGT,Terrorism Financing,Terrorism Financing - Designated under OFAC SDN (SDGT),15-09-2007,23-07-2024,Active,
OFAC-867121,Individual,Moussa Abu Marzouk,Marzouk Abu Moussa | Moussa Marzouk,19-12-1961,Qatari,Qatar,E8982270,OFAC SDN,SDGT,Terrorism Financing,Terrorism Financing - Designated under OFAC SDN (SDGT),07-10-2008,29-07-2025,Active,
UN-752676,Individual,Abu Ubaida Mohammed,Mohammed Ubaida Abu | Abu Mohammed,17-01-1972,Palestinian,Palestine,O5704462,OFAC SDN,SDGT,Terrorism Financing,Terrorism Financing - Designated under OFAC SDN (SDGT),06-03-2011,30-01-2023,Active,Cross-listed on UN list
FIU-662747,Individual,Nour Baraka,Baraka Nour,03-09-1974,Malian,Mali,E7528476,UN 1267,Al-Qaida,Terrorism Financing,Terrorism Financing - Designated under UN 1267 (Al-Qaida),22-12-2021,08-01-2024,Active,Cross-listed on OFAC list
IRP-636671,Individual,Mohamad Khair Mousa,Mousa Khair Mohamad | Mohamad Mousa,04-08-1985,Syrian,Syria,T8279292,UN 1267,ISIL/Da'esh,Terrorism Financing,Terrorism Financing - Designated under UN 1267 (ISIL/Da'esh),05-05-2014,28-03-2025,Active,
ED-609967,Individual,Turki Al-Bin'ali,Al-Bin'ali Turki,03-10-1991,Bahraini,Bahrain,O7185664,UN 1267,ISIL/Da'esh,Terrorism Financing,Terrorism Financing - Designated under UN 1267 (ISIL/Da'esh),06-04-2010,30-07-2023,Active,Cross-listed on OFAC list
IRP-269135,Individual,Shekau Abubakar,Abubakar Shekau,10-12-1976,Nigerian,Nigeria,S4502070,OFAC SDN,SDGT,Terrorism Financing,Terrorism Financing - Designated under OFAC SDN (SDGT),13-09-2015,04-09-2025,Active,Cross-listed on UK HMT list
IRP-801579,Individual,Idriss Deby fils,fils Deby Idriss | Idriss fils | Al-Libi,28-05-1962,Chadian,Chad,X1957574,DFAT Australia,AML/CTF Designation,Corruption / Kleptocracy,Corruption / Kleptocracy - Designated under DFAT Australia (AML/CTF Designation),24-03-2016,27-06-2023,Active,
ED-753837,Individual,Felix Tshisekedi Tshilombo,Tshilombo Tshisekedi Felix | Felix Tshilombo,19-04-1982,Congolese,DRC,N6004090,Interpol RN,Red Notice,Corruption / Kleptocracy,Corruption / Kleptocracy - Designated under Interpol RN (Red Notice),14-11-2004,21-05-2023,Active,
UN-343314,Individual,Jose Eduardo Dos Santos Jr.,Jr. Santos Dos Eduardo Jose | Jose Jr.,03-02-1959,Angolan,Angola,M5143661,OFAC SDN,SDGT,Corruption / Kleptocracy,Corruption / Kleptocracy - Designated under OFAC SDN (SDGT),12-08-2013,12-02-2024,Active,
EU-715164,Individual,Agba Jalingo,Jalingo Agba | Al-Farsi,20-10-1964,Nigerian,Nigeria,K3865851,India FIU,STR Alert,Money Laundering,Money Laundering - Designated under India FIU (STR Alert),03-09-2019,17-04-2024,Active,
